User_id,Login,Nombres,ApellidoPaterno,ApellidoMaterno,Password,TipoUser_id,Status,fCreate,IDArea,LastLoginAttempt,,,,
1,root,Application, administrator,,55BEA0B8D7682CEB26F9140FAF9A69CD,2,1,6/19/2009 17:46,1,10/3/2024 13:28,,,,
2,adriAdmin,adriAdmin,adriAdmin,adriAdmin,0CC175B9C0F1B6A831C399E269772661,2,2,6/4/2024 12:55,1,6/4/2024 12:54,,,,
3,agarciaAdmin,agarciaAdmin,agarciaAdmin,agarciaAdmin,0CC175B9C0F1B6A831C399E269772661,2,3,6/4/2024 12:55,1,6/4/2024 12:54,,,,
4,agonzalezAdmin,agonzalezAdmin,agonzalezAdmin,agonzalezAdmin,0CC175B9C0F1B6A831C399E269772661,2,1,6/4/2024 12:55,1,6/4/2024 12:54,,,,
5,alanAdmin,alanAdmin,alanAdmin,alanAdmin,0CC175B9C0F1B6A831C399E269772661,2,2,6/4/2024 12:55,1,6/4/2024 12:54,,,,
6,alexAdmin,alexAdmin,alexAdmin,alexAdmin,0CC175B9C0F1B6A831C399E269772661,2,3,6/4/2024 12:55,1,6/4/2024 12:54,,,,
7,armandAdmin,armandAdmin,armandAdmin,armandAdmin,0CC175B9C0F1B6A831C399E269772661,2,1,6/4/2024 12:55,1,6/4/2024 12:54,,,,
8,carlosAdmin,carlosAdmin,carlosAdmin,carlosAdmin,0CC175B9C0F1B6A831C399E269772661,2,2,6/4/2024 12:55,1,6/4/2024 12:54,,,,
9,cechavezAdmin,cechavezAdmin,cechavezAdmin,cechavezAdmin,0CC175B9C0F1B6A831C399E269772661,2,3,6/4/2024 12:55,1,6/4/2024 12:54,,,,
10,charlesAdmin,charlesAdmin,charlesAdmin,charlesAdmin,0CC175B9C0F1B6A831C399E269772661,2,1,6/4/2024 12:55,1,6/4/2024 12:54,,,,
11,daniAdmin,daniAdmin,daniAdmin,daniAdmin,0CC175B9C0F1B6A831C399E269772661,2,2,6/4/2024 12:55,1,6/4/2024 12:54,,,,
12,davidAdmin,davidAdmin,davidAdmin,davidAdmin,0CC175B9C0F1B6A831C399E269772661,2,3,6/4/2024 12:55,1,6/4/2024 12:54,,,,
13,efloresAdmin,efloresAdmin,efloresAdmin,efloresAdmin,0CC175B9C0F1B6A831C399E269772661,2,1,6/4/2024 12:55,1,6/4/2024 12:54,,,,
14,eguevaraAdmin,eguevaraAdmin,eguevaraAdmin,eguevaraAdmin,0CC175B9C0F1B6A831C399E269772661,2,2,6/4/2024 12:55,1,6/4/2024 12:54,,,,
15,ericAdmin,ericAdmin,ericAdmin,ericAdmin,0CC175B9C0F1B6A831C399E269772661,2,3,6/4/2024 12:55,1,6/4/2024 12:54,,,,
16,fabiAdmin,fabiAdmin,fabiAdmin,fabiAdmin,0CC175B9C0F1B6A831C399E269772661,2,1,6/4/2024 12:55,1,10/2/2024 17:13,,,,
17,fabianAdmin,fabianAdmin,fabianAdmin,fabianAdmin,0CC175B9C0F1B6A831C399E269772661,2,2,6/4/2024 12:55,1,6/4/2024 12:54,,,,
18,fcotaAdmin,fcotaAdmin,fcotaAdmin,fcotaAdmin,0CC175B9C0F1B6A831C399E269772661,2,3,6/4/2024 12:55,1,6/4/2024 12:54,,,,
19,fnajeraAdmin,fnajeraAdmin,fnajeraAdmin,fnajeraAdmin,0CC175B9C0F1B6A831C399E269772661,2,1,6/4/2024 12:55,1,6/4/2024 12:54,,,,
20,fridaAdmin,fridaAdmin,fridaAdmin,fridaAdmin,0CC175B9C0F1B6A831C399E269772661,2,2,6/4/2024 12:55,1,6/4/2024 17:48,,,,
21,gabiAdmin,gabiAdmin,gabiAdmin,gabiAdmin,0CC175B9C0F1B6A831C399E269772661,2,3,6/4/2024 12:55,1,6/4/2024 12:54,,,,
22,gcruzAdmin,gcruzAdmin,gcruzAdmin,gcruzAdmin,0CC175B9C0F1B6A831C399E269772661,2,1,6/4/2024 12:55,1,6/4/2024 12:54,,,,
23,gerardoAdmin,gerardoAdmin,gerardoAdmin,gerardoAdmin,0CC175B9C0F1B6A831C399E269772661,2,2,6/4/2024 12:55,1,6/4/2024 12:54,,,,
24,gmoralesAdmin,gmoralesAdmin,gmoralesAdmin,gmoralesAdmin,0CC175B9C0F1B6A831C399E269772661,2,3,6/4/2024 12:55,1,6/4/2024 12:54,,,,
25,gusAdmin,gusAdmin,gusAdmin,gusAdmin,0CC175B9C0F1B6A831C399E269772661,2,1,6/4/2024 12:55,1,6/4/2024 12:54,,,,
26,hugoAdmin,hugoAdmin,hugoAdmin,hugoAdmin,0CC175B9C0F1B6A831C399E269772661,2,2,6/4/2024 12:55,1,10/2/2024 13:38,,,,
27,irisAdmin,irisAdmin,irisAdmin,irisAdmin,0CC175B9C0F1B6A831C399E269772661,2,3,6/4/2024 12:55,1,6/4/2024 12:54,,,,
28,ivanAdmin,ivanAdmin,ivanAdmin,ivanAdmin,0CC175B9C0F1B6A831C399E269772661,2,1,6/4/2024 12:55,1,6/4/2024 12:54,,,,
29,jesusAdmin,jesusAdmin,jesusAdmin,jesusAdmin,0CC175B9C0F1B6A831C399E269772661,2,2,6/4/2024 12:55,1,10/4/2024 15:25,,,,
30,jesus2Admin,jesus2Admin,jesus2Admin,jesus2Admin,0CC175B9C0F1B6A831C399E269772661,2,3,6/4/2024 12:55,1,6/4/2024 12:54,,,,
31,jesuscastroAdmin,jesuscastroAdmin,jesuscastroAdmin,jesuscastroAdmin,0CC175B9C0F1B6A831C399E269772661,2,1,6/4/2024 12:55,1,6/4/2024 12:54,,,,
32,jesusrodriguezAdmin,jesusrodriguezAdmin,jesusrodriguezAdmin,jesusrodriguezAdmin,0CC175B9C0F1B6A831C399E269772661,2,2,6/4/2024 12:55,1,6/4/2024 12:54,,,,
33,jhernandezAdmin,jhernandezAdmin,jhernandezAdmin,jhernandezAdmin,0CC175B9C0F1B6A831C399E269772661,2,3,6/4/2024 12:55,1,6/4/2024 12:54,,,,
34,jnunezAdmin,jnunezAdmin,jnunezAdmin,jnunezAdmin,0CC175B9C0F1B6A831C399E269772661,2,1,6/4/2024 12:55,1,6/4/2024 12:54,,,,
35,joseAdmin,joseAdmin,joseAdmin,joseAdmin,0CC175B9C0F1B6A831C399E269772661,2,2,6/4/2024 12:55,1,6/4/2024 12:54,,,,
36,jramirezAdmin,jramirezAdmin,jramirezAdmin,jramirezAdmin,0CC175B9C0F1B6A831C399E269772661,2,3,6/4/2024 12:55,1,6/4/2024 12:54,,,,
37,jvazquezAdmin,jvazquezAdmin,jvazquezAdmin,jvazquezAdmin,0CC175B9C0F1B6A831C399E269772661,2,1,6/4/2024 12:55,1,6/4/2024 12:54,,,,
38,jvelascoAdmin,jvelascoAdmin,jvelascoAdmin,jvelascoAdmin,0CC175B9C0F1B6A831C399E269772661,2,2,6/4/2024 12:55,1,6/4/2024 12:54,,,,
39,karenAdmin,karenAdmin,karenAdmin,karenAdmin,0CC175B9C0F1B6A831C399E269772661,2,3,6/4/2024 12:55,1,6/4/2024 12:54,,,,
40,laloAdmin,laloAdmin,laloAdmin,laloAdmin,0CC175B9C0F1B6A831C399E269772661,2,1,6/4/2024 12:55,1,6/4/2024 12:54,,,,
41,lizAdmin,lizAdmin,lizAdmin,lizAdmin,0CC175B9C0F1B6A831C399E269772661,2,2,6/4/2024 12:55,1,6/4/2024 12:54,,,,
42,lnavaAdmin,lnavaAdmin,lnavaAdmin,lnavaAdmin,0CC175B9C0F1B6A831C399E269772661,2,3,6/4/2024 12:55,1,6/4/2024 12:54,,,,
43,lrangelAdmin,lrangelAdmin,lrangelAdmin,lrangelAdmin,0CC175B9C0F1B6A831C399E269772661,2,1,6/4/2024 12:55,1,6/4/2024 12:54,,,,
44,luisAdmin,luisAdmin,luisAdmin,luisAdmin,0CC175B9C0F1B6A831C399E269772661,2,2,6/4/2024 12:55,1,6/4/2024 12:54,,,,
45,marcoAdmin,marcoAdmin,marcoAdmin,marcoAdmin,0CC175B9C0F1B6A831C399E269772661,2,3,6/4/2024 12:55,1,6/4/2024 12:54,,,,
46,marcochagollaAdmin,marcochagollaAdmin,marcochagollaAdmin,marcochagollaAdmin,0CC175B9C0F1B6A831C399E269772661,2,1,6/4/2024 12:55,1,6/4/2024 12:54,,,,
47,marcogarciaAdmin,marcogarciaAdmin,marcogarciaAdmin,marcogarciaAdmin,0CC175B9C0F1B6A831C399E269772661,2,2,6/4/2024 12:55,1,6/4/2024 12:54,,,,
48,mlievanaAdmin,mlievanaAdmin,mlievanaAdmin,mlievanaAdmin,0CC175B9C0F1B6A831C399E269772661,2,3,6/4/2024 12:55,1,6/4/2024 12:54,,,,
49,omarAdmin,omarAdmin,omarAdmin,omarAdmin,0CC175B9C0F1B6A831C399E269772661,2,1,6/4/2024 12:55,1,6/4/2024 12:54,,,,
50,omejiaAdmin,omejiaAdmin,omejiaAdmin,omejiaAdmin,0CC175B9C0F1B6A831C399E269772661,2,2,6/4/2024 12:55,1,6/4/2024 12:54,,,,
51,oscarAdmin,oscarAdmin,oscarAdmin,oscarAdmin,0CC175B9C0F1B6A831C399E269772661,2,3,6/4/2024 12:55,1,6/4/2024 12:54,,,,
52,pacoAdmin,pacoAdmin,pacoAdmin,pacoAdmin,0CC175B9C0F1B6A831C399E269772661,2,1,6/4/2024 12:55,1,6/4/2024 12:54,,,,
53,rodAdmin,rodAdmin,rodAdmin,rodAdmin,0CC175B9C0F1B6A831C399E269772661,2,2,6/4/2024 12:55,1,6/4/2024 12:54,,,,
54,rsalazarAdmin,rsalazarAdmin,rsalazarAdmin,rsalazarAdmin,0CC175B9C0F1B6A831C399E269772661,2,3,6/4/2024 12:55,1,6/4/2024 12:54,,,,
55,to+¦oAdmin,to+¦oAdmin,to+¦oAdmin,to+¦oAdmin,0CC175B9C0F1B6A831C399E269772661,2,1,6/4/2024 12:55,1,6/4/2024 12:54,,,,
56,uespinosaAdmin,uespinosaAdmin,uespinosaAdmin,uespinosaAdmin,0CC175B9C0F1B6A831C399E269772661,2,2,6/4/2024 12:55,1,6/4/2024 12:54,,,,
57,ulisesAdmin,ulisesAdmin,ulisesAdmin,ulisesAdmin,0CC175B9C0F1B6A831C399E269772661,2,3,6/4/2024 12:55,1,6/4/2024 12:54,,,,
58,urielcabreraAdmin,urielcabreraAdmin,urielcabreraAdmin,urielcabreraAdmin,0CC175B9C0F1B6A831C399E269772661,2,1,6/4/2024 12:55,1,6/4/2024 12:54,,,,
59,user01Admin,user01Admin,user01Admin,user01Admin,0CC175B9C0F1B6A831C399E269772661,2,2,6/4/2024 12:55,1,10/3/2024 12:58,,,,
60,user02Admin,user02Admin,user02Admin,user02Admin,0CC175B9C0F1B6A831C399E269772661,2,3,6/4/2024 12:55,1,6/4/2024 12:54,,,,
61,user03Admin,user03Admin,user03Admin,user03Admin,0CC175B9C0F1B6A831C399E269772661,2,1,6/4/2024 12:55,1,6/4/2024 12:54,,,,
62,user04Admin,user04Admin,user04Admin,user04Admin,0CC175B9C0F1B6A831C399E269772661,2,2,6/4/2024 12:55,1,6/4/2024 12:54,,,,
63,user05Admin,user05Admin,user05Admin,user05Admin,0CC175B9C0F1B6A831C399E269772661,2,3,6/4/2024 12:55,1,6/4/2024 12:54,,,,
64,user06Admin,user06Admin,user06Admin,user06Admin,0CC175B9C0F1B6A831C399E269772661,2,1,6/4/2024 12:55,1,6/4/2024 12:54,,,,
65,user07Admin,user07Admin,user07Admin,user07Admin,0CC175B9C0F1B6A831C399E269772661,2,2,6/4/2024 12:55,1,6/4/2024 12:54,,,,
66,user08Admin,user08Admin,user08Admin,user08Admin,0CC175B9C0F1B6A831C399E269772661,2,3,6/4/2024 12:55,1,6/4/2024 12:54,,,,
67,user09Admin,user09Admin,user09Admin,user09Admin,0CC175B9C0F1B6A831C399E269772661,2,1,6/4/2024 12:55,1,6/4/2024 12:54,,,,
68,user10Admin,user10Admin,user10Admin,user10Admin,0CC175B9C0F1B6A831C399E269772661,2,2,6/4/2024 12:55,1,6/4/2024 12:54,,,,
69,leoAdmin,leoAdmin,leoAdmin,leoAdmin,0CC175B9C0F1B6A831C399E269772661,2,3,6/4/2024 12:55,1,6/4/2024 12:54,,,,
70,adriAgent,adriAgent,adriAgent,adriAgent,0CC175B9C0F1B6A831C399E269772661,1,1,6/4/2024 12:55,1,6/4/2024 12:54,,,,
71,agarciaAgent,agarciaAgent,agarciaAgent,agarciaAgent,0CC175B9C0F1B6A831C399E269772661,1,2,6/4/2024 12:55,1,6/4/2024 12:54,,,,
72,agonzalezAgent,agonzalezAgent,agonzalezAgent,agonzalezAgent,0CC175B9C0F1B6A831C399E269772661,1,3,6/4/2024 12:55,1,6/4/2024 12:54,,,,
73,alanAgent,alanAgent,alanAgent,alanAgent,0CC175B9C0F1B6A831C399E269772661,1,1,6/4/2024 12:55,1,6/4/2024 12:54,,,,
74,alexAgent,alexAgent,alexAgent,alexAgent,0CC175B9C0F1B6A831C399E269772661,1,2,6/4/2024 12:55,1,6/4/2024 12:54,,,,
75,armandAgent,armandAgent,armandAgent,armandAgent,0CC175B9C0F1B6A831C399E269772661,1,3,6/4/2024 12:55,1,6/4/2024 12:54,,,,
76,carlosAgent,carlosAgent,carlosAgent,carlosAgent,0CC175B9C0F1B6A831C399E269772661,1,1,6/4/2024 12:55,1,6/4/2024 12:54,,,,
77,cechavezAgent,cechavezAgent,cechavezAgent,cechavezAgent,0CC175B9C0F1B6A831C399E269772661,1,2,6/4/2024 12:55,1,6/4/2024 12:54,,,,
78,charlesAgent,charlesAgent,charlesAgent,charlesAgent,0CC175B9C0F1B6A831C399E269772661,1,3,6/4/2024 12:55,1,6/4/2024 12:54,,,,
79,daniAgent,daniAgent,daniAgent,daniAgent,0CC175B9C0F1B6A831C399E269772661,1,1,6/4/2024 12:55,1,6/4/2024 12:54,,,,
80,davidAgent,davidAgent,davidAgent,davidAgent,0CC175B9C0F1B6A831C399E269772661,1,2,6/4/2024 12:55,1,6/4/2024 12:54,,,,
81,efloresAgent,efloresAgent,efloresAgent,efloresAgent,0CC175B9C0F1B6A831C399E269772661,1,3,6/4/2024 12:55,1,6/4/2024 12:54,,,,
82,eguevaraAgent,eguevaraAgent,eguevaraAgent,eguevaraAgent,0CC175B9C0F1B6A831C399E269772661,1,1,6/4/2024 12:55,1,6/4/2024 12:54,,,,
83,ericAgent,ericAgent,ericAgent,ericAgent,0CC175B9C0F1B6A831C399E269772661,1,2,6/4/2024 12:55,1,6/4/2024 12:54,,,,
84,fabiAgent,fabiAgent,fabiAgent,fabiAgent,0CC175B9C0F1B6A831C399E269772661,1,3,6/4/2024 12:55,1,10/2/2024 17:10,,,,
85,fabianAgent,fabianAgent,fabianAgent,fabianAgent,0CC175B9C0F1B6A831C399E269772661,1,1,6/4/2024 12:55,1,10/2/2024 17:09,,,,
86,fcotaAgent,fcotaAgent,fcotaAgent,fcotaAgent,0CC175B9C0F1B6A831C399E269772661,1,2,6/4/2024 12:55,1,6/4/2024 12:54,,,,
87,fnajeraAgent,fnajeraAgent,fnajeraAgent,fnajeraAgent,0CC175B9C0F1B6A831C399E269772661,1,3,6/4/2024 12:55,1,6/4/2024 12:54,,,,
88,fridaAgent,fridaAgent,fridaAgent,fridaAgent,0CC175B9C0F1B6A831C399E269772661,1,1,6/4/2024 12:55,1,6/4/2024 17:49,,,,
89,gabiAgent,gabiAgent,gabiAgent,gabiAgent,0CC175B9C0F1B6A831C399E269772661,1,2,6/4/2024 12:55,1,6/4/2024 12:54,,,,
90,gcruzAgent,gcruzAgent,gcruzAgent,gcruzAgent,0CC175B9C0F1B6A831C399E269772661,1,3,6/4/2024 12:55,1,6/4/2024 12:54,,,,
91,gerardoAgent,gerardoAgent,gerardoAgent,gerardoAgent,0CC175B9C0F1B6A831C399E269772661,1,1,6/4/2024 12:55,1,6/4/2024 12:54,,,,
92,gmoralesAgent,gmoralesAgent,gmoralesAgent,gmoralesAgent,0CC175B9C0F1B6A831C399E269772661,1,2,6/4/2024 12:55,1,6/4/2024 12:54,,,,
93,gusAgent,gusAgent,gusAgent,gusAgent,0CC175B9C0F1B6A831C399E269772661,1,3,6/4/2024 12:55,1,6/4/2024 12:54,,,,
94,hugoAgent,hugoAgent,hugoAgent,hugoAgent,0CC175B9C0F1B6A831C399E269772661,1,1,6/4/2024 12:55,1,10/3/2024 13:27,,,,
95,irisAgent,irisAgent,irisAgent,irisAgent,0CC175B9C0F1B6A831C399E269772661,1,2,6/4/2024 12:55,1,6/4/2024 12:54,,,,
96,ivanAgent,ivanAgent,ivanAgent,ivanAgent,0CC175B9C0F1B6A831C399E269772661,1,3,6/4/2024 12:55,1,6/4/2024 12:54,,,,
97,jesusAgent,jesusAgent,jesusAgent,jesusAgent,0CC175B9C0F1B6A831C399E269772661,1,1,6/4/2024 12:55,1,10/3/2024 12:44,,,,
98,jesus2Agent,jesus2Agent,jesus2Agent,jesus2Agent,0CC175B9C0F1B6A831C399E269772661,1,2,6/4/2024 12:55,1,6/4/2024 12:54,,,,
99,jesuscastroAgent,jesuscastroAgent,jesuscastroAgent,jesuscastroAgent,0CC175B9C0F1B6A831C399E269772661,1,3,6/4/2024 12:55,1,6/4/2024 12:54,,,,
100,jesusrodriguezAgent,jesusrodriguezAgent,jesusrodriguezAgent,jesusrodriguezAgent,0CC175B9C0F1B6A831C399E269772661,1,1,6/4/2024 12:55,1,6/4/2024 12:54,,,,
101,jhernandezAgent,jhernandezAgent,jhernandezAgent,jhernandezAgent,0CC175B9C0F1B6A831C399E269772661,1,2,6/4/2024 12:55,1,6/4/2024 12:54,,,,
102,jnunezAgent,jnunezAgent,jnunezAgent,jnunezAgent,0CC175B9C0F1B6A831C399E269772661,1,3,6/4/2024 12:55,1,6/4/2024 12:54,,,,
103,joseAgent,joseAgent,joseAgent,joseAgent,0CC175B9C0F1B6A831C399E269772661,1,1,6/4/2024 12:55,1,6/4/2024 12:54,,,,
104,jramirezAgent,jramirezAgent,jramirezAgent,jramirezAgent,0CC175B9C0F1B6A831C399E269772661,1,2,6/4/2024 12:55,1,6/4/2024 12:54,,,,
105,jvazquezAgent,jvazquezAgent,jvazquezAgent,jvazquezAgent,0CC175B9C0F1B6A831C399E269772661,1,3,6/4/2024 12:55,1,6/4/2024 12:54,,,,
106,jvelascoAgent,jvelascoAgent,jvelascoAgent,jvelascoAgent,0CC175B9C0F1B6A831C399E269772661,1,1,6/4/2024 12:55,1,6/4/2024 12:54,,,,
107,karenAgent,karenAgent,karenAgent,karenAgent,0CC175B9C0F1B6A831C399E269772661,1,2,6/4/2024 12:55,1,6/4/2024 12:54,,,,
108,laloAgent,laloAgent,laloAgent,laloAgent,0CC175B9C0F1B6A831C399E269772661,1,3,6/4/2024 12:55,1,6/4/2024 12:54,,,,
109,lizAgent,lizAgent,lizAgent,lizAgent,0CC175B9C0F1B6A831C399E269772661,1,1,6/4/2024 12:55,1,6/4/2024 12:55,,,,
110,lnavaAgent,lnavaAgent,lnavaAgent,lnavaAgent,0CC175B9C0F1B6A831C399E269772661,1,2,6/4/2024 12:55,1,6/4/2024 12:55,,,,
111,lrangelAgent,lrangelAgent,lrangelAgent,lrangelAgent,0CC175B9C0F1B6A831C399E269772661,1,3,6/4/2024 12:55,1,6/4/2024 12:55,,,,
112,luisAgent,luisAgent,luisAgent,luisAgent,0CC175B9C0F1B6A831C399E269772661,1,1,6/4/2024 12:55,1,6/4/2024 12:55,,,,
113,marcoAgent,marcoAgent,marcoAgent,marcoAgent,0CC175B9C0F1B6A831C399E269772661,1,2,6/4/2024 12:55,1,6/4/2024 12:55,,,,
114,marcochagollaAgent,marcochagollaAgent,marcochagollaAgent,marcochagollaAgent,0CC175B9C0F1B6A831C399E269772661,1,3,6/4/2024 12:55,1,6/4/2024 12:55,,,,
115,marcogarciaAgent,marcogarciaAgent,marcogarciaAgent,marcogarciaAgent,0CC175B9C0F1B6A831C399E269772661,1,1,6/4/2024 12:55,1,6/4/2024 12:55,,,,
116,mlievanaAgent,mlievanaAgent,mlievanaAgent,mlievanaAgent,0CC175B9C0F1B6A831C399E269772661,1,2,6/4/2024 12:55,1,6/4/2024 12:55,,,,
117,omarAgent,omarAgent,omarAgent,omarAgent,0CC175B9C0F1B6A831C399E269772661,1,3,6/4/2024 12:55,1,6/4/2024 12:55,,,,
118,omejiaAgent,omejiaAgent,omejiaAgent,omejiaAgent,0CC175B9C0F1B6A831C399E269772661,1,1,6/4/2024 12:55,1,6/4/2024 12:55,,,,
119,oscarAgent,oscarAgent,oscarAgent,oscarAgent,0CC175B9C0F1B6A831C399E269772661,1,2,6/4/2024 12:55,1,6/4/2024 12:55,,,,
120,pacoAgent,pacoAgent,pacoAgent,pacoAgent,0CC175B9C0F1B6A831C399E269772661,1,3,6/4/2024 12:55,1,6/4/2024 12:55,,,,
121,rodAgent,rodAgent,rodAgent,rodAgent,0CC175B9C0F1B6A831C399E269772661,1,1,6/4/2024 12:55,1,6/4/2024 12:55,,,,
122,rsalazarAgent,rsalazarAgent,rsalazarAgent,rsalazarAgent,0CC175B9C0F1B6A831C399E269772661,1,2,6/4/2024 12:55,1,6/4/2024 12:55,,,,
123,to+¦oAgent,to+¦oAgent,to+¦oAgent,to+¦oAgent,0CC175B9C0F1B6A831C399E269772661,1,3,6/4/2024 12:55,1,6/4/2024 12:55,,,,
124,uespinosaAgent,uespinosaAgent,uespinosaAgent,uespinosaAgent,0CC175B9C0F1B6A831C399E269772661,1,1,6/4/2024 12:55,1,6/4/2024 12:55,,,,
125,ulisesAgent,ulisesAgent,ulisesAgent,ulisesAgent,0CC175B9C0F1B6A831C399E269772661,1,2,6/4/2024 12:55,1,6/4/2024 12:55,,,,
126,urielcabreraAgent,urielcabreraAgent,urielcabreraAgent,urielcabreraAgent,0CC175B9C0F1B6A831C399E269772661,1,3,6/4/2024 12:55,1,6/4/2024 12:55,,,,
127,user01Agent,user01Agent,user01Agent,user01Agent,0CC175B9C0F1B6A831C399E269772661,1,1,6/4/2024 12:55,1,6/4/2024 17:48,,,,
128,user02Agent,user02Agent,user02Agent,user02Agent,0CC175B9C0F1B6A831C399E269772661,1,2,6/4/2024 12:55,1,6/4/2024 12:55,,,,
129,user03Agent,user03Agent,user03Agent,user03Agent,0CC175B9C0F1B6A831C399E269772661,1,3,6/4/2024 12:55,1,6/4/2024 12:55,,,,
130,user04Agent,user04Agent,user04Agent,user04Agent,0CC175B9C0F1B6A831C399E269772661,1,1,6/4/2024 12:55,1,6/4/2024 12:55,,,,
131,user05Agent,user05Agent,user05Agent,user05Agent,0CC175B9C0F1B6A831C399E269772661,1,2,6/4/2024 12:55,1,10/2/2024 17:05,,,,
132,user06Agent,user06Agent,user06Agent,user06Agent,0CC175B9C0F1B6A831C399E269772661,1,3,6/4/2024 12:55,1,6/4/2024 12:55,,,,
133,user07Agent,user07Agent,user07Agent,user07Agent,0CC175B9C0F1B6A831C399E269772661,1,1,6/4/2024 12:55,1,6/4/2024 12:55,,,,
134,user08Agent,user08Agent,user08Agent,user08Agent,0CC175B9C0F1B6A831C399E269772661,1,2,6/4/2024 12:55,1,6/4/2024 12:55,,,,
135,user09Agent,user09Agent,user09Agent,user09Agent,0CC175B9C0F1B6A831C399E269772661,1,3,6/4/2024 12:55,1,6/4/2024 12:55,,,,
136,user10Agent,user10Agent,user10Agent,user10Agent,0CC175B9C0F1B6A831C399E269772661,1,1,6/4/2024 12:55,1,6/4/2024 12:55,,,,
137,leoAgent,leoAgent,leoAgent,leoAgent,0CC175B9C0F1B6A831C399E269772661,1,2,6/4/2024 12:55,1,6/4/2024 12:55,,,,
